CUSTOMERNAME,CUSTOMERNUMBER,ORDERDATE,ORDERNUMBER,PRICEEACH,PRODUCTCODE,QUANTITYORDERED,TOTALLINEITEM
Any Cycle,103,5/20/2011,10123,120.71,S18_1589,26,3138.46
Any Cycle,103,5/20/2011,10123,114.84,S18_2870,46,5282.64
Any Cycle,103,5/20/2011,10123,117.26,S18_3685,34,3986.84
Any Cycle,103,5/20/2011,10123,43.27,S24_1628,50,2163.5
Any Cycle,103,9/27/2012,10298,105.86,S10_2016,39,4128.54
SportVelo,415,9/15/2012,10296,60.97,S24_2841,21,1280.37
SportVelo,415,9/15/2012,10296,63.78,S24_3420,31,1977.18
SportVelo,415,9/15/2012,10296,83.02,S24_3816,22,1826.44
SportVelo,415,9/15/2012,10296,63.46,S24_3949,32,2030.72
SportVelo,415,9/15/2012,10296,41.02,S50_1341,26,1066.52
SportVelo,415,9/15/2012,10296,75.81,S700_1691,42,3184.02
SportVelo,415,9/15/2012,10296,89.61,S700_2047,34,3046.74
SportVelo,415,9/15/2012,10296,96.73,S700_2466,24,2321.52
SportVelo,415,9/15/2012,10296,74.4,S700_3167,22,1636.8
SportVelo,415,9/15/2012,10296,61.44,S700_4002,47,2887.68
SportVelo,415,9/15/2012,10296,46.68,S72_1253,21,980.28
SportVelo,128,1/9/2011,10101,108.06,S18_2325,25,2701.5
SportVelo,128,1/9/2011,10101,167.06,S18_2795,26,4343.56
SportVelo,128,1/9/2011,10101,32.53,S24_1937,45,1463.85
SportVelo,128,1/9/2011,10101,44.35,S24_2022,46,2040.1
SportVelo,128,3/15/2012,10230,128.42,S12_3148,43,5522.06
SportVelo,128,3/15/2012,10230,153.91,S18_2238,49,7541.59
SportVelo,128,3/15/2012,10230,142.18,S18_4027,42,5971.56
SportVelo,128,3/15/2012,10230,47.4,S24_1444,36,1706.4
SportVelo,128,3/15/2012,10230,99.36,S24_4048,45,4471.2
SportVelo,128,3/15/2012,10230,59.03,S32_3207,46,2715.38
SportVelo,128,3/15/2012,10230,100.7,S50_1392,34,3423.8
SportVelo,128,3/15/2012,10230,57.41,S50_1514,43,2468.63
SportVelo,128,10/4/2011,10300,184.84,S12_1099,33,6099.72
SportVelo,128,10/4/2011,10300,116.27,S12_3380,29,3371.83
SportVelo,128,10/4/2011,10300,76.61,S12_3990,22,1685.42
SportVelo,128,10/4/2011,10300,95.58,S12_4675,23,2198.34
SportVelo,128,10/4/2011,10300,63.14,S18_1889,41,2588.74
SportVelo,128,10/4/2011,10300,65.94,S18_3278,49,3231.06
SportVelo,128,10/4/2011,10300,144.05,S18_3482,23,3313.15
SportVelo,128,10/4/2011,10300,52.05,S24_3371,31,1613.55
SportVelo,128,11/5/2012,10323,88.3,S18_3320,33,2913.9
SportVelo,128,11/5/2012,10323,96.86,S18_4600,47,4552.42
SportVelo,219,10/2/2011,10154,75.23,S24_3151,31,2332.13
SportVelo,219,10/2/2011,10154,59.27,S700_2610,36,2133.72
SportVelo,219,2/8/2013,10376,98.65,S12_3380,35,3452.75
SportVelo,344,11/7/2011,10177,113.37,S18_3140,23,2607.51
SportVelo,344,11/7/2011,10177,92.77,S18_3259,29,2690.33
SportVelo,344,11/7/2011,10177,82.5,S18_4522,35,2887.5
SportVelo,344,11/7/2011,10177,115.52,S24_2011,50,5776
SportVelo,344,11/7/2011,10177,79.66,S24_3151,45,3584.7
SportVelo,344,11/7/2011,10177,58.67,S700_1138,24,1408.08
SportVelo,344,11/7/2011,10177,77.95,S700_1938,31,2416.45
SportVelo,344,11/7/2011,10177,64.33,S700_2610,32,2058.56
SportVelo,344,11/7/2011,10177,88.15,S700_3505,44,3878.6
SportVelo,344,11/7/2011,10177,83.42,S700_3962,24,2002.08
SportVelo,344,11/7/2011,10177,52.96,S72_3212,40,2118.4
SportVelo,344,3/19/2012,10231,193.25,S12_1108,42,8116.5
SportVelo,344,3/19/2012,10231,147.07,S12_3891,49,7206.43
SportVelo,173,3/10/2012,10228,214.3,S10_1949,29,6214.7
SportVelo,173,3/10/2012,10228,100.34,S18_1097,32,3210.88
SportVelo,173,3/10/2012,10228,101.31,S18_2949,24,2431.44
SportVelo,173,3/10/2012,10228,57.46,S18_2957,45,2585.7
SportVelo,173,3/10/2012,10228,100.53,S18_3136,31,3116.43
SportVelo,173,3/10/2012,10228,84.73,S24_4258,33,2796.09
SportVelo,173,5/8/2012,10249,88.93,S18_3856,46,4090.78
SportVelo,173,5/8/2012,10249,54.81,S24_2841,20,1096.2
SportVelo,173,5/8/2012,10249,65.75,S24_3420,25,1643.75
SportVelo,173,5/8/2012,10249,85.99,S700_2047,40,3439.6
SportVelo,173,5/8/2012,10249,49.16,S72_1253,32,1573.12
SportVelo,202,12/5/2011,10206,203.59,S10_1949,47,9568.73
SportVelo,202,12/5/2011,10206,109.34,S12_1666,28,3061.52
SportVelo,202,12/5/2011,10206,115.5,S18_1097,34,3927
SportVelo,202,12/5/2011,10206,98.27,S18_2949,37,3635.99
SportVelo,202,12/5/2011,10206,51.84,S18_2957,28,1451.52
SportVelo,202,12/5/2011,10206,102.63,S18_3136,30,3078.9
SportVelo,202,12/5/2011,10206,99.21,S18_3320,28,2777.88
SportVelo,202,12/5/2011,10206,45.78,S18_4668,21,961.38
SportVelo,202,12/5/2011,10206,95.44,S24_4258,33,3149.52
SportVelo,202,12/5/2011,10206,54.94,S32_3522,36,1977.84
SportVelo,202,12/5/2011,10206,89.01,S700_2824,33,2937.33
SportVelo,202,10/22/2012,10313,141.83,S10_4962,40,5673.2
SportVelo,202,10/22/2012,10313,131.2,S12_1666,21,2755.2
SportVelo,202,10/22/2012,10313,109.23,S18_2319,29,3167.67
SportVelo,202,10/22/2012,10313,52.87,S18_2432,34,1797.58
SportVelo,202,10/22/2012,10313,143.94,S18_3232,25,3598.5
SportVelo,202,10/22/2012,10313,110.18,S18_4600,28,3085.04
SportVelo,202,10/22/2012,10313,102.23,S24_2300,42,4293.66
SportVelo,202,10/22/2012,10313,96.31,S32_1268,27,2600.37
SportVelo,202,10/22/2012,10313,48.7,S32_2509,38,1850.6
SportVelo,202,10/22/2012,10313,55.59,S32_3522,34,1890.06
SportVelo,202,10/22/2012,10313,96.09,S700_2824,30,2882.7
Chen Wong Co,471,11/21/2011,10193,92.47,S18_1342,28,2589.16
Chen Wong Co,471,11/21/2011,10193,46.36,S18_1367,46,2132.56
Chen Wong Co,471,11/21/2011,10193,153,S18_1749,21,3213
Chen Wong Co,471,11/21/2011,10193,60.54,S18_2248,42,2542.68
Chen Wong Co,471,11/21/2011,10193,115.69,S18_2325,44,5090.36
Chen Wong Co,471,11/21/2011,10193,143.44,S18_2795,22,3155.68
Chen Wong Co,471,11/21/2011,10193,87.13,S18_2949,28,2439.64
Chen Wong Co,471,11/21/2011,10193,53.09,S18_2957,24,1274.16
Chen Wong Co,471,11/21/2011,10193,97.39,S18_3136,23,2239.97
Chen Wong Co,471,11/21/2011,10193,79.37,S18_3320,32,2539.84
Chen Wong Co,471,11/21/2011,10193,92.03,S18_4409,24,2208.72
Chen Wong Co,471,11/21/2011,10193,66.28,S18_4933,25,1657
Chen Wong Co,471,11/21/2011,10193,32.19,S24_1937,26,836.94
Chen Wong Co,471,11/21/2011,10193,44.8,S24_2022,20,896
Chen Wong Co,471,11/21/2011,10193,38.16,S24_3969,22,839.52
Chen Wong Co,471,11/21/2011,10193,92.52,S24_4258,20,1850.4
Chen Wong Co,471,7/2/2012,10265,74.78,S18_3278,45,3365.1
Chen Wong Co,471,7/2/2012,10265,123.47,S18_3482,49,6050.03
Chen Wong Co,471,5/9/2013,10415,86.81,S18_3856,51,4427.31
Chen Wong Co,471,5/9/2013,10415,60.97,S24_2841,21,1280.37
Chen Wong Co,471,5/9/2013,10415,59.83,S24_3420,18,1076.94
Chen Wong Co,471,5/9/2013,10415,73.32,S700_2047,32,2346.24
Engelsohn and Vance,424,11/21/2012,10337,73.62,S700_1938,36,2650.32
Engelsohn and Vance,424,11/21/2012,10337,84.14,S700_3505,31,2608.34
Engelsohn and Vance,424,11/21/2012,10337,83.42,S700_3962,36,3003.12
Engelsohn and Vance,424,11/21/2012,10337,49.14,S72_3212,42,2063.88
Engelsohn and Vance,189,2/12/2012,10220,189.1,S12_1108,32,6051.2
Engelsohn and Vance,189,2/12/2012,10220,151.08,S12_3148,30,4532.4
Engelsohn and Vance,189,2/12/2012,10220,166.1,S12_3891,27,4484.7
Engelsohn and Vance,189,2/12/2012,10220,126.39,S18_4027,50,6319.5
Engelsohn and Vance,189,2/12/2012,10220,48.55,S24_1444,26,1262.3
Engelsohn and Vance,189,2/12/2012,10220,101.72,S24_4048,37,3763.64
Engelsohn and Vance,189,2/12/2012,10220,49.71,S32_3207,20,994.2
Engelsohn and Vance,189,2/12/2012,10220,92.6,S50_1392,37,3426.2
Engelsohn and Vance,189,2/12/2012,10220,56.82,S50_1514,30,1704.6
Engelsohn and Vance,189,9/16/2012,10297,81.95,S18_2581,25,2048.75
Engelsohn and Vance,189,9/16/2012,10297,107.23,S24_1785,32,3431.36
Engelsohn and Vance,189,9/16/2012,10297,70.08,S24_2000,32,2242.56
Engelsohn and Vance,189,9/16/2012,10297,71.73,S24_4278,23,1649.79
Engelsohn and Vance,189,9/16/2012,10297,88.9,S32_1374,26,2311.4
Engelsohn and Vance,189,9/16/2012,10297,63.29,S32_4289,28,1772.12
Engelsohn and Vance,189,9/16/2012,10297,111.53,S700_2834,35,3903.55
Engelsohn and Vance,239,2/19/2012,10222,133.28,S10_4757,49,6530.72
Engelsohn and Vance,239,2/19/2012,10222,137.19,S18_1662,49,6722.31
Engelsohn and Vance,239,2/19/2012,10222,79.14,S18_3029,49,3877.86
Engelsohn and Vance,239,2/19/2012,10222,88.93,S18_3856,45,4001.85
Engelsohn and Vance,239,2/19/2012,10222,56.86,S24_2841,32,1819.52
Engelsohn and Vance,239,2/19/2012,10222,74.35,S24_3151,47,3494.45
Engelsohn and Vance,239,2/19/2012,10222,61.15,S24_3420,43,2629.45
Engelsohn and Vance,239,2/19/2012,10222,77.99,S24_3816,46,3587.54
Engelsohn and Vance,239,2/19/2012,10222,55.27,S24_3949,48,2652.96
Engelsohn and Vance,239,2/19/2012,10222,58.67,S700_1138,31,1818.77
Engelsohn and Vance,239,2/19/2012,10222,80.56,S700_2047,26,2094.56
Engelsohn and Vance,239,2/19/2012,10222,90.75,S700_2466,37,3357.75
Engelsohn and Vance,239,2/19/2012,10222,69.39,S700_2610,36,2498.04
Engelsohn and Vance,239,2/19/2012,10222,84.14,S700_3505,38,3197.32
Engelsohn and Vance,239,2/19/2012,10222,81.43,S700_3962,31,2524.33
Engelsohn and Vance,239,2/19/2012,10222,66.63,S700_4002,43,2865.09
Engelsohn and Vance,239,2/19/2012,10222,45.19,S72_1253,31,1400.89
Engelsohn and Vance,239,2/19/2012,10222,48.59,S72_3212,36,1749.24
Engelsohn and Vance,239,2/26/2012,10226,108.26,S18_1589,38,4113.88
Engelsohn and Vance,239,2/26/2012,10226,129.45,S18_1984,24,3106.8
Engelsohn and Vance,239,2/26/2012,10226,125.4,S18_2870,24,3009.6
Engelsohn and Vance,239,2/26/2012,10226,122.91,S18_3685,46,5653.86
Engelsohn and Vance,239,2/26/2012,10226,65.41,S24_1046,21,1373.61
Engelsohn and Vance,239,2/26/2012,10226,47.79,S24_1628,36,1720.44
Engelsohn and Vance,239,2/26/2012,10226,95.3,S24_3432,48,4574.4
Engelsohn and Vance,379,9/5/2011,10147,161.49,S12_1099,48,7751.52
Engelsohn and Vance,379,9/5/2011,10147,110.39,S12_3380,31,3422.09
Engelsohn and Vance,379,9/5/2011,10147,74.21,S12_3990,21,1558.41
Engelsohn and Vance,379,9/5/2011,10147,97.89,S12_4675,33,3230.37
Engelsohn and Vance,379,9/5/2011,10147,70.84,S18_1889,26,1841.84
Engelsohn and Vance,379,9/5/2011,10147,74.78,S18_3278,36,2692.08
Engelsohn and Vance,379,9/5/2011,10147,129.35,S18_3482,37,4785.95
Engelsohn and Vance,379,9/5/2011,10147,33.23,S24_2972,25,830.75
Engelsohn and Vance,379,9/5/2011,10147,48.98,S24_3371,30,1469.4
Engelsohn and Vance,379,9/5/2011,10147,123.58,S24_3856,23,2842.34
Engelsohn and Vance,379,9/5/2011,10147,72.76,S24_4620,31,2255.56
Engelsohn and Vance,379,7/21/2012,10274,129.31,S18_1662,41,5301.71
Engelsohn and Vance,379,7/21/2012,10274,56.86,S24_2841,40,2274.4
Engelsohn and Vance,379,7/21/2012,10274,65.09,S24_3420,24,1562.16
Engelsohn and Vance,379,7/21/2012,10274,75.13,S700_2047,24,1803.12
Engelsohn and Vance,379,7/21/2012,10274,49.66,S72_1253,32,1589.12
Engelsohn and Vance,379,1/20/2013,10369,195.01,S10_1949,41,7995.41
Engelsohn and Vance,379,1/20/2013,10369,89.38,S18_1342,44,3932.72
Engelsohn and Vance,379,1/20/2013,10369,46.36,S18_1367,32,1483.52
Engelsohn and Vance,379,1/20/2013,10369,100.3,S18_2949,42,4212.6
Engelsohn and Vance,379,1/20/2013,10369,51.84,S18_2957,28,1451.52
Engelsohn and Vance,379,1/20/2013,10369,90.06,S18_3136,21,1891.26
Engelsohn and Vance,379,1/20/2013,10369,80.36,S18_3320,45,3616.2
Engelsohn and Vance,379,1/20/2013,10369,93.49,S24_4258,40,3739.6
Engelsohn and Vance,321,10/10/2011,10159,81.35,S10_1678,49,3986.15
Engelsohn and Vance,321,10/10/2011,10159,101.1,S10_2016,37,3740.7
Engelsohn and Vance,321,10/10/2011,10159,170.42,S10_4698,22,3749.24
Engelsohn and Vance,321,10/10/2011,10159,188.73,S12_1099,41,7737.93
Engelsohn and Vance,321,10/10/2011,10159,131.04,S12_2823,38,4979.52
Engelsohn and Vance,321,10/10/2011,10159,67.03,S12_3990,24,1608.72
Engelsohn and Vance,321,10/10/2011,10159,51.48,S18_2625,42,2162.16
Engelsohn and Vance,321,10/10/2011,10159,66.74,S18_3278,21,1401.54
Engelsohn and Vance,321,10/10/2011,10159,129.35,S18_3482,25,3233.75
Engelsohn and Vance,321,10/10/2011,10159,54.71,S18_3782,21,1148.91
Engelsohn and Vance,321,10/10/2011,10159,142.85,S18_4721,32,4571.2
Engelsohn and Vance,321,10/10/2011,10159,100.3,S24_1578,44,4413.2
Engelsohn and Vance,321,10/10/2011,10159,67.18,S24_2360,27,1813.86
Engelsohn and Vance,321,10/10/2011,10159,49.6,S24_3371,50,2480
Engelsohn and Vance,321,10/10/2011,10159,80.84,S24_4620,23,1859.32
Engelsohn and Vance,321,10/10/2011,10159,39.43,S32_2206,35,1380.05
Engelsohn and Vance,321,10/10/2011,10159,86.74,S32_4485,23,1995.02
Engelsohn and Vance,321,10/10/2011,10159,78.11,S50_4713,31,2421.41
Engelsohn and Vance,321,10/18/2011,10162,87.33,S18_1342,48,4191.84
Engelsohn and Vance,321,10/18/2011,10162,45.28,S18_1367,45,2037.6
Engelsohn and Vance,321,10/18/2011,10162,141.1,S18_1749,29,4091.9
Engelsohn and Vance,321,10/18/2011,10162,53.28,S18_2248,27,1438.56
Engelsohn and Vance,321,10/18/2011,10162,113.15,S18_2325,38,4299.7
Engelsohn and Vance,321,10/18/2011,10162,156.94,S18_2795,48,7533.12
Engelsohn and Vance,321,10/18/2011,10162,86.51,S18_4409,39,3373.89
Engelsohn and Vance,321,10/18/2011,10162,27.55,S24_1937,37,1019.35
Engelsohn and Vance,321,10/18/2011,10162,38.98,S24_2022,43,1676.14
Engelsohn and Vance,321,10/18/2011,10162,32.82,S24_3969,37,1214.34
Engelsohn and Vance,321,2/17/2013,10381,182.16,S10_1949,36,6557.76
Engelsohn and Vance,321,2/17/2013,10381,138.88,S10_4962,37,5138.56
Engelsohn and Vance,321,2/17/2013,10381,132.57,S12_1666,20,2651.4
Engelsohn and Vance,321,2/17/2013,10381,114.34,S18_1097,48,5488.32
Engelsohn and Vance,321,2/17/2013,10381,49.6,S18_1367,25,1240
Engelsohn and Vance,321,2/17/2013,10381,60.77,S18_2432,35,2126.95
Engelsohn and Vance,321,2/17/2013,10381,100.3,S18_2949,41,4112.3
Engelsohn and Vance,321,2/17/2013,10381,51.22,S18_2957,40,2048.8
Engelsohn and Vance,321,2/17/2013,10381,93.2,S18_3136,35,3262
Engelsohn and Vance,321,2/23/2013,10384,129.2,S10_4757,34,4392.8
Engelsohn and Vance,321,2/23/2013,10384,114.29,S24_2011,28,3200.12
Engelsohn and Vance,321,2/23/2013,10384,71.69,S24_3151,43,3082.67
Engelsohn and Vance,321,2/23/2013,10384,71.02,S700_1938,49,3479.98
Engelsohn and Vance,458,5/28/2011,10126,205.73,S10_1949,38,7817.74
Engelsohn and Vance,458,5/28/2011,10126,122.62,S10_4962,22,2697.64
Engelsohn and Vance,458,5/28/2011,10126,135.3,S12_1666,21,2841.3
Engelsohn and Vance,458,5/28/2011,10126,116.67,S18_1097,38,4433.46
Engelsohn and Vance,458,5/28/2011,10126,51.21,S18_1367,42,2150.82
Engelsohn and Vance,458,5/28/2011,10126,51.05,S18_2432,43,2195.15
Engelsohn and Vance,458,5/28/2011,10126,93.21,S18_2949,31,2889.51
Engelsohn and Vance,458,5/28/2011,10126,61.84,S18_2957,46,2844.64
Engelsohn and Vance,458,5/28/2011,10126,93.2,S18_3136,30,2796
Engelsohn and Vance,458,5/28/2011,10126,94.25,S18_3320,38,3581.5
Engelsohn and Vance,458,5/28/2011,10126,102.92,S18_4600,50,5146
Engelsohn and Vance,458,5/28/2011,10126,47.29,S18_4668,43,2033.47
Engelsohn and Vance,458,5/28/2011,10126,122.68,S24_2300,27,3312.36
Engelsohn and Vance,458,5/28/2011,10126,83.76,S24_4258,34,2847.84
Engelsohn and Vance,458,5/28/2011,10126,82.83,S32_1268,43,3561.69
Engelsohn and Vance,458,5/28/2011,10126,62.05,S32_3522,26,1613.3
Engelsohn and Vance,458,5/28/2011,10126,97.1,S700_2824,45,4369.5
Engelsohn and Vance,458,1/26/2012,10214,166.6,S18_1749,30,4998
Engelsohn and Vance,458,1/26/2012,10214,53.28,S18_2248,21,1118.88
Engelsohn and Vance,458,1/26/2012,10214,125.86,S18_2325,27,3398.22
Engelsohn and Vance,458,1/26/2012,10214,167.06,S18_2795,50,8353
Engelsohn and Vance,458,1/26/2012,10214,32.19,S24_1937,20,643.8
Engelsohn and Vance,458,1/26/2012,10214,39.87,S24_2022,49,1953.63
Engelsohn and Vance,458,1/26/2012,10214,38.57,S24_3969,44,1697.08
Engelsohn and Vance,458,11/1/2012,10348,207.8,S12_1108,48,9974.4
Engelsohn and Vance,458,11/1/2012,10348,122.37,S12_3148,47,5751.39
Engelsohn and Vance,458,11/1/2012,10348,43.77,S18_4668,29,1269.33
Engelsohn and Vance,458,11/1/2012,10348,107.34,S24_2300,37,3971.58
Engelsohn and Vance,458,11/1/2012,10348,82.78,S24_4258,39,3228.42
Engelsohn and Vance,458,11/1/2012,10348,90.53,S32_1268,42,3802.26
Engelsohn and Vance,458,11/1/2012,10348,62.7,S32_3522,31,1943.7
Engelsohn and Vance,458,11/1/2012,10348,100.14,S700_2824,32,3204.48
Engelsohn and Vance,385,3/3/2011,10108,165.38,S12_1099,33,5457.54
Engelsohn and Vance,385,3/3/2011,10108,96.3,S12_3380,45,4333.5
Engelsohn and Vance,385,3/3/2011,10108,75.81,S12_3990,39,2956.59
Engelsohn and Vance,385,3/3/2011,10108,107.1,S12_4675,36,3855.6
Engelsohn and Vance,385,3/3/2011,10108,67.76,S18_1889,38,2574.88
Engelsohn and Vance,385,3/3/2011,10108,73.17,S18_3278,26,1902.42
Engelsohn and Vance,385,3/3/2011,10108,132.29,S18_3482,29,3836.41
Engelsohn and Vance,385,3/3/2011,10108,52.84,S18_3782,43,2272.12
Engelsohn and Vance,385,3/3/2011,10108,139.87,S18_4721,44,6154.28
Engelsohn and Vance,385,3/3/2011,10108,64.41,S24_2360,35,2254.35
Engelsohn and Vance,385,3/3/2011,10108,60.01,S24_3371,30,1800.3
Engelsohn and Vance,385,3/3/2011,10108,132,S24_3856,40,5280
Engelsohn and Vance,385,3/3/2011,10108,67.1,S24_4620,31,2080.1
Engelsohn and Vance,385,3/3/2011,10108,36.21,S32_2206,27,977.67
Engelsohn and Vance,385,3/3/2011,10108,87.76,S32_4485,31,2720.56
Engelsohn and Vance,385,3/3/2011,10108,74.85,S50_4713,34,2544.9
Engelsohn and Vance,385,11/27/2011,10198,149.81,S18_1662,42,6292.02
Engelsohn and Vance,385,11/27/2011,10198,60.97,S24_2841,48,2926.56
Engelsohn and Vance,385,11/27/2011,10198,61.81,S24_3420,27,1668.87
Engelsohn and Vance,385,11/27/2011,10198,65.51,S24_3949,43,2816.93
Engelsohn and Vance,385,11/27/2011,10198,94.73,S700_2466,42,3978.66
Engelsohn and Vance,385,11/27/2011,10198,74.03,S700_4002,40,2961.2
Engelsohn and Vance,385,11/16/2012,10330,136.7,S18_3482,37,5057.9
Engelsohn and Vance,385,11/16/2012,10330,59.06,S18_3782,29,1712.74
Engelsohn and Vance,385,11/16/2012,10330,133.92,S18_4721,50,6696
Engelsohn and Vance,385,11/16/2012,10330,56.1,S24_2360,42,2356.2
Engelsohn and Vance,171,11/11/2011,10180,76.56,S10_1678,29,2220.24
Engelsohn and Vance,171,11/11/2011,10180,99.91,S10_2016,42,4196.22
Engelsohn and Vance,171,11/11/2011,10180,164.61,S10_4698,41,6749.01
Engelsohn and Vance,171,11/11/2011,10180,131.04,S12_2823,40,5241.6
Engelsohn and Vance,171,11/11/2011,10180,48.46,S18_2625,25,1211.5
Engelsohn and Vance,171,11/11/2011,10180,59.06,S18_3782,21,1240.26
Engelsohn and Vance,171,11/11/2011,10180,147.31,S18_4721,44,6481.64
Engelsohn and Vance,171,11/11/2011,10180,98.05,S24_1578,48,4706.4
Engelsohn and Vance,171,11/11/2011,10180,61.7,S24_2000,28,1727.6
Engelsohn and Vance,171,11/11/2011,10180,60.95,S24_2360,35,2133.25
Engelsohn and Vance,171,11/11/2011,10180,68.71,S24_4620,28,1923.88
Engelsohn and Vance,171,11/11/2011,10180,33.39,S32_2206,34,1135.26
Engelsohn and Vance,171,11/11/2011,10180,102.05,S32_4485,22,2245.1
Engelsohn and Vance,171,11/11/2011,10180,74.85,S50_4713,21,1571.85
Engelsohn and Vance,171,2/21/2012,10224,141.58,S12_2823,43,6087.94
Engelsohn and Vance,171,2/21/2012,10224,57.2,S18_3782,38,2173.6
Engelsohn and Vance,171,2/21/2012,10224,60.26,S24_2360,37,2229.62
Engelsohn and Vance,171,2/21/2012,10224,37.01,S32_2206,43,1591.43
Engelsohn and Vance,171,2/21/2012,10224,94.91,S32_4485,30,2847.3
Engelsohn and Vance,171,2/21/2012,10224,81.36,S50_4713,50,4068
Engelsohn and Vance,145,2/11/2011,10105,127.84,S10_4757,50,6392
Engelsohn and Vance,145,2/11/2011,10105,205.72,S12_1108,41,8434.52
Engelsohn and Vance,145,2/11/2011,10105,141.88,S12_3891,29,4114.52
Engelsohn and Vance,145,2/11/2011,10105,136.59,S18_3140,22,3004.98
Engelsohn and Vance,145,2/11/2011,10105,87.73,S18_3259,38,3333.74
Engelsohn and Vance,145,2/11/2011,10105,75.48,S18_4522,41,3094.68
Engelsohn and Vance,145,2/11/2011,10105,117.97,S24_2011,43,5072.71
Engelsohn and Vance,145,2/11/2011,10105,73.46,S24_3151,44,3232.24
Engelsohn and Vance,145,2/11/2011,10105,75.47,S24_3816,50,3773.5
Engelsohn and Vance,145,2/11/2011,10105,54,S700_1138,41,2214
Engelsohn and Vance,145,2/11/2011,10105,86.61,S700_1938,29,2511.69
Engelsohn and Vance,145,2/11/2011,10105,60.72,S700_2610,31,1882.32
Engelsohn and Vance,145,2/11/2011,10105,92.16,S700_3505,39,3594.24
Engelsohn and Vance,145,2/11/2011,10105,99.31,S700_3962,22,2184.82
Engelsohn and Vance,145,2/11/2011,10105,44.77,S72_3212,25,1119.25
Engelsohn and Vance,145,4/9/2012,10238,161.49,S12_1099,28,4521.72
Engelsohn and Vance,145,4/9/2012,10238,104.52,S12_3380,29,3031.08
Engelsohn and Vance,145,4/9/2012,10238,73.42,S12_3990,20,1468.4
Engelsohn and Vance,145,4/9/2012,10238,68.35,S18_3278,41,2802.35
Engelsohn and Vance,145,4/9/2012,10238,144.05,S18_3482,49,7058.45
Engelsohn and Vance,145,4/9/2012,10238,120.53,S18_4721,44,5303.32
Engelsohn and Vance,145,4/9/2012,10238,53.88,S24_3371,47,2532.36
Engelsohn and Vance,145,4/9/2012,10238,67.91,S24_4620,22,1494.02
Engelsohn and Vance,145,6/8/2012,10256,93.49,S18_1342,34,3178.66
Engelsohn and Vance,145,6/8/2012,10256,52.83,S18_1367,29,1532.07
Engelsohn and Vance,145,11/10/2012,10327,154.54,S18_1662,25,3863.5
Engelsohn and Vance,145,11/10/2012,10327,74.34,S18_2581,45,3345.3
Engelsohn and Vance,145,11/10/2012,10327,74.84,S18_3029,25,1871
Engelsohn and Vance,145,11/10/2012,10327,79.68,S700_1938,20,1593.6
Engelsohn and Vance,145,11/10/2012,10327,65.05,S700_2610,21,1366.05
Engelsohn and Vance,145,11/10/2012,10327,85.14,S700_3505,43,3661.02
Engelsohn and Vance,145,11/10/2012,10327,83.42,S700_3962,37,3086.54
Engelsohn and Vance,145,11/10/2012,10327,48.05,S72_3212,37,1777.85
Engelsohn and Vance,145,4/15/2013,10406,124.56,S18_1129,61,7598.16
Engelsohn and Vance,145,4/15/2013,10406,133.72,S18_1984,48,6418.56
Engelsohn and Vance,145,4/15/2013,10406,117.26,S18_3685,65,7621.9
Engelsohn and Vance,157,7/20/2012,10272,187.02,S12_1108,35,6545.7
Engelsohn and Vance,157,7/20/2012,10272,123.89,S12_3148,27,3345.03
Engelsohn and Vance,157,7/20/2012,10272,148.8,S12_3891,39,5803.2
Engelsohn and Vance,157,7/20/2012,10272,126.39,S18_4027,25,3159.75
Engelsohn and Vance,157,7/20/2012,10272,56.55,S32_3207,45,2544.75
Engelsohn and Vance,157,7/20/2012,10272,53.89,S50_1514,43,2317.27
Engelsohn and Vance,157,8/19/2012,10281,132.97,S10_4962,44,5850.68
Engelsohn and Vance,157,8/19/2012,10281,127.1,S12_1666,25,3177.5
Engelsohn and Vance,157,8/19/2012,10281,98.36,S12_4473,41,4032.76
Engelsohn and Vance,157,8/19/2012,10281,114.14,S18_2319,48,5478.72
Engelsohn and Vance,157,8/19/2012,10281,56.52,S18_2432,29,1639.08
Engelsohn and Vance,157,8/19/2012,10281,135.47,S18_3232,25,3386.75
Engelsohn and Vance,157,8/19/2012,10281,96.86,S18_4600,25,2421.5
Engelsohn and Vance,157,8/19/2012,10281,42.76,S18_4668,44,1881.44
Engelsohn and Vance,157,8/19/2012,10281,112.46,S24_2300,25,2811.5
Engelsohn and Vance,157,8/19/2012,10281,33.95,S24_2840,20,679
Engelsohn and Vance,157,8/19/2012,10281,80.9,S32_1268,29,2346.1
Engelsohn and Vance,157,8/19/2012,10281,44.91,S32_2509,31,1392.21
Engelsohn and Vance,157,8/19/2012,10281,59.47,S32_3522,36,2140.92
Engelsohn and Vance,157,8/19/2012,10281,89.01,S700_2824,27,2403.27
Engelsohn and Vance,157,11/2/2012,10318,84.22,S10_1678,46,3874.12
Engelsohn and Vance,157,11/2/2012,10318,102.29,S10_2016,45,4603.05
Engelsohn and Vance,157,11/2/2012,10318,189.79,S10_4698,37,7022.23
Engelsohn and Vance,157,11/2/2012,10318,81.95,S18_2581,31,2540.45
Engelsohn and Vance,157,11/2/2012,10318,49.67,S18_2625,42,2086.14
Engelsohn and Vance,157,11/2/2012,10318,93.54,S24_1578,48,4489.92
Engelsohn and Vance,157,11/2/2012,10318,60.94,S24_2000,26,1584.44
Engelsohn and Vance,157,11/2/2012,10318,81.91,S32_1374,47,3849.77
Engelsohn and Vance,157,11/2/2012,10318,102.04,S700_2834,50,5102
Engelsohn and Vance,157,5/30/2013,10422,91.44,S18_1342,51,4663.44
Engelsohn and Vance,157,5/30/2013,10422,47.44,S18_1367,25,1186
Engelsohn and Vance,495,12/9/2011,10207,125.58,S10_4962,31,3892.98
Engelsohn and Vance,495,12/9/2011,10207,95.99,S12_4473,34,3263.66
Engelsohn and Vance,495,12/9/2011,10207,140.81,S18_2238,44,6195.64
Engelsohn and Vance,495,12/9/2011,10207,109.23,S18_2319,43,4696.89
Engelsohn and Vance,495,12/9/2011,10207,60.77,S18_2432,37,2248.49
Engelsohn and Vance,495,12/9/2011,10207,140.55,S18_3232,25,3513.75
Engelsohn and Vance,495,12/9/2011,10207,143.62,S18_4027,40,5744.8
Engelsohn and Vance,495,12/9/2011,10207,119.87,S18_4600,47,5633.89
Engelsohn and Vance,495,12/9/2011,10207,57.8,S24_1444,49,2832.2
Engelsohn and Vance,495,12/9/2011,10207,127.79,S24_2300,46,5878.34
Engelsohn and Vance,495,12/9/2011,10207,30.76,S24_2840,42,1291.92
Engelsohn and Vance,495,12/9/2011,10207,108.82,S24_4048,28,3046.96
Engelsohn and Vance,495,12/9/2011,10207,84.75,S32_1268,49,4152.75
Engelsohn and Vance,495,12/9/2011,10207,51.95,S32_2509,27,1402.65
Engelsohn and Vance,495,12/9/2011,10207,55.3,S32_3207,45,2488.5
Engelsohn and Vance,495,12/9/2011,10207,106.49,S50_1392,28,2981.72
Engelsohn and Vance,495,4/26/2012,10243,111.87,S18_2325,47,5257.89
Engelsohn and Vance,495,4/26/2012,10243,30.87,S24_1937,33,1018.71
Engelsohn and Vance,489,11/14/2011,10186,108.8,S10_4757,26,2828.8
Engelsohn and Vance,489,11/14/2011,10186,137.19,S18_1662,32,4390.08
Engelsohn and Vance,489,11/14/2011,10186,73.12,S18_3029,32,2339.84
Engelsohn and Vance,489,11/14/2011,10186,98.46,S18_3856,46,4529.16
Engelsohn and Vance,489,11/14/2011,10186,60.29,S24_2841,22,1326.38
Engelsohn and Vance,489,11/14/2011,10186,59.83,S24_3420,21,1256.43
Engelsohn and Vance,489,11/14/2011,10186,68.77,S24_3816,36,2475.72
Engelsohn and Vance,489,11/14/2011,10186,80.56,S700_2047,24,1933.44
Engelsohn and Vance,489,11/14/2011,10186,42.71,S72_1253,28,1195.88
Engelsohn and Vance,489,1/22/2012,10213,84.67,S18_4409,38,3217.46
Engelsohn and Vance,489,1/22/2012,10213,58.44,S18_4933,25,1461
Engelsohn and Vance,489,1/22/2012,10213,97.48,S24_2887,27,2631.96
Engelsohn and Vance,323,6/25/2011,10132,80,S700_3167,36,2880
Engelsohn and Vance,323,6/3/2012,10254,137.7,S18_1749,49,6747.3
Engelsohn and Vance,323,6/3/2012,10254,55.09,S18_2248,36,1983.24
Engelsohn and Vance,323,6/3/2012,10254,102.98,S18_2325,41,4222.18
Engelsohn and Vance,323,6/3/2012,10254,80.99,S18_4409,34,2753.66
Engelsohn and Vance,323,6/3/2012,10254,59.87,S18_4933,30,1796.1
Engelsohn and Vance,323,6/3/2012,10254,66.88,S24_1046,34,2273.92
Engelsohn and Vance,323,6/3/2012,10254,43.27,S24_1628,32,1384.64
Engelsohn and Vance,323,6/3/2012,10254,28.88,S24_1937,38,1097.44
Engelsohn and Vance,323,6/3/2012,10254,85.42,S24_2766,31,2648.02
Engelsohn and Vance,323,6/3/2012,10254,111.57,S24_2887,33,3681.81
Engelsohn and Vance,323,6/3/2012,10254,69.34,S24_3191,42,2912.28
Engelsohn and Vance,323,6/3/2012,10254,101.73,S24_3432,49,4984.77
Engelsohn and Vance,323,6/3/2012,10254,39.8,S24_3969,20,796
Engelsohn and Vance,323,12/4/2012,10354,84.22,S10_1678,42,3537.24
Engelsohn and Vance,323,12/4/2012,10354,95.15,S10_2016,20,1903
Engelsohn and Vance,323,12/4/2012,10354,178.17,S10_4698,42,7483.14
Engelsohn and Vance,323,12/4/2012,10354,157.6,S12_1099,31,4885.6
Engelsohn and Vance,323,12/4/2012,10354,141.58,S12_2823,35,4955.3
Engelsohn and Vance,323,12/4/2012,10354,98.65,S12_3380,29,2860.85
Engelsohn and Vance,323,12/4/2012,10354,76.61,S12_3990,23,1762.03
Engelsohn and Vance,323,12/4/2012,10354,100.19,S12_4675,28,2805.32
Engelsohn and Vance,323,12/4/2012,10354,76.23,S18_1889,21,1600.83
Engelsohn and Vance,323,12/4/2012,10354,49.06,S18_2625,28,1373.68
Engelsohn and Vance,323,12/4/2012,10354,69.15,S18_3278,36,2489.4
Engelsohn and Vance,323,12/4/2012,10354,96.92,S24_1578,21,2035.32
Engelsohn and Vance,323,12/4/2012,10354,62.46,S24_2000,28,1748.88
Engelsohn and Vance,323,3/11/2013,10393,145.04,S12_3148,35,5076.4
Engelsohn and Vance,323,3/11/2013,10393,99.54,S12_4473,32,3185.28
Engelsohn and Vance,323,3/11/2013,10393,137.53,S18_2238,20,2750.6
Engelsohn and Vance,323,3/11/2013,10393,104.32,S18_2319,38,3964.16
Engelsohn and Vance,323,3/11/2013,10393,106.55,S18_4600,30,3196.5
Engelsohn and Vance,323,3/11/2013,10393,41.76,S18_4668,44,1837.44
Engelsohn and Vance,323,3/11/2013,10393,112.46,S24_2300,33,3711.18
Fit and Fiddle Collectibles,323,3/11/2013,10393,88.62,S24_4258,33,2924.46
Fit and Fiddle Collectibles,323,3/11/2013,10393,84.75,S32_1268,38,3220.5
Fit and Fiddle Collectibles,323,3/11/2013,10393,63.35,S32_3522,31,1963.85
Fit and Fiddle Collectibles,323,3/11/2013,10393,83.95,S700_2824,21,1762.95
Fit and Fiddle Collectibles,323,4/8/2013,10404,163.44,S12_1099,64,10460.16
Fit and Fiddle Collectibles,323,4/8/2013,10404,102.17,S12_3380,43,4393.31
Fit and Fiddle Collectibles,323,4/8/2013,10404,67.03,S12_3990,77,5161.31
Fit and Fiddle Collectibles,323,4/8/2013,10404,67.54,S18_3278,90,6078.6
Fit and Fiddle Collectibles,323,4/8/2013,10404,127.88,S18_3482,28,3580.64
Fit and Fiddle Collectibles,323,4/8/2013,10404,124.99,S18_4721,48,5999.52
Fit and Fiddle Collectibles,323,4/8/2013,10404,53.27,S24_3371,49,2610.23
Fit and Fiddle Collectibles,323,4/8/2013,10404,65.48,S24_4620,48,3143.04
Fit and Fiddle Collectibles,148,4/16/2011,10117,195.33,S12_1108,33,6445.89
Fit and Fiddle Collectibles,148,4/16/2011,10117,148.06,S12_3148,43,6366.58
Fit and Fiddle Collectibles,148,4/16/2011,10117,173.02,S12_3891,39,6747.78
Fit and Fiddle Collectibles,148,4/16/2011,10117,121.57,S18_3140,26,3160.82
Fit and Fiddle Collectibles,148,4/16/2011,10117,81.68,S18_3259,21,1715.28
Fit and Fiddle Collectibles,148,4/16/2011,10117,122.08,S18_4027,22,2685.76
Fit and Fiddle Collectibles,148,4/16/2011,10117,73.73,S18_4522,23,1695.79
Fit and Fiddle Collectibles,148,4/16/2011,10117,119.2,S24_2011,41,4887.2
Fit and Fiddle Collectibles,148,4/16/2011,10117,55.65,S50_1514,21,1168.65
Fit and Fiddle Collectibles,148,4/16/2011,10117,75.35,S700_1938,38,2863.3
Fit and Fiddle Collectibles,148,4/16/2011,10117,89.38,S700_3962,45,4022.1
Fit and Fiddle Collectibles,148,4/16/2011,10117,52.42,S72_3212,50,2621
Fit and Fiddle Collectibles,148,9/19/2011,10150,182.16,S10_1949,45,8197.2
Fit and Fiddle Collectibles,148,9/19/2011,10150,121.15,S10_4962,20,2423
Fit and Fiddle Collectibles,148,9/19/2011,10150,135.3,S12_1666,30,4059
Fit and Fiddle Collectibles,148,9/19/2011,10150,95.67,S18_1097,34,3252.78
Fit and Fiddle Collectibles,148,9/19/2011,10150,93.21,S18_2949,47,4380.87
Fit and Fiddle Collectibles,148,9/19/2011,10150,56.21,S18_2957,30,1686.3
Fit and Fiddle Collectibles,148,9/19/2011,10150,97.39,S18_3136,26,2532.14
Fit and Fiddle Collectibles,148,9/19/2011,10150,111.39,S18_4600,49,5458.11
Fit and Fiddle Collectibles,148,9/19/2011,10150,47.29,S18_4668,30,1418.7
Fit and Fiddle Collectibles,148,9/19/2011,10150,62.05,S32_3522,49,3040.45
Fit and Fiddle Collectibles,148,9/19/2011,10150,95.08,S700_2824,20,1901.6
"Dragon Souveniers, Ltd.",148,10/22/2011,10165,168.32,S12_1108,44,7406.08
"Dragon Souveniers, Ltd.",148,10/22/2011,10165,123.89,S12_3148,34,4212.26
"Dragon Souveniers, Ltd.",148,10/22/2011,10165,152.26,S12_3891,27,4111.02
"Dragon Souveniers, Ltd.",148,10/22/2011,10165,109.02,S12_4473,48,5232.96
"Dragon Souveniers, Ltd.",148,10/22/2011,10165,134.26,S18_2238,29,3893.54
"Dragon Souveniers, Ltd.",148,10/22/2011,10165,120.28,S18_2319,46,5532.88
"Dragon Souveniers, Ltd.",148,10/22/2011,10165,60.77,S18_2432,31,1883.87
"Dragon Souveniers, Ltd.",148,10/22/2011,10165,154.1,S18_3232,47,7242.7
"Dragon Souveniers, Ltd.",148,10/22/2011,10165,84.71,S18_3259,50,4235.5
"Dragon Souveniers, Ltd.",148,10/22/2011,10165,123.51,S18_4027,28,3458.28
"Dragon Souveniers, Ltd.",148,10/22/2011,10165,46.82,S24_1444,25,1170.5
"Dragon Souveniers, Ltd.",148,10/22/2011,10165,117.57,S24_2300,32,3762.24
"Dragon Souveniers, Ltd.",148,10/22/2011,10165,31.12,S24_2840,27,840.24
"Dragon Souveniers, Ltd.",148,10/22/2011,10165,106.45,S24_4048,24,2554.8
"Dragon Souveniers, Ltd.",148,10/22/2011,10165,50.86,S32_2509,48,2441.28
"Dragon Souveniers, Ltd.",148,10/22/2011,10165,55.3,S32_3207,44,2433.2
"Dragon Souveniers, Ltd.",148,10/22/2011,10165,106.49,S50_1392,48,5111.52
"Dragon Souveniers, Ltd.",148,10/22/2011,10165,49.21,S50_1514,38,1869.98
"Dragon Souveniers, Ltd.",148,8/4/2012,10277,93.28,S12_4675,28,2611.84
"Dragon Souveniers, Ltd.",148,3/2/2013,10387,79.91,S32_1374,44,3516.04
Enaco Distributors,216,4/21/2011,10118,86.15,S700_3505,36,3101.4
Enaco Distributors,216,11/26/2011,10197,118.32,S10_4757,45,5324.4
Enaco Distributors,216,11/26/2011,10197,83.44,S18_3029,46,3838.24
Enaco Distributors,216,11/26/2011,10197,85.75,S18_3856,22,1886.5
Enaco Distributors,216,11/26/2011,10197,78.99,S18_4522,50,3949.5
Enaco Distributors,216,11/26/2011,10197,109.37,S24_2011,41,4484.17
Enaco Distributors,216,11/26/2011,10197,83.2,S24_3151,47,3910.4
Enaco Distributors,216,11/26/2011,10197,67.93,S24_3816,22,1494.46
Enaco Distributors,216,11/26/2011,10197,60,S700_1138,23,1380
Enaco Distributors,216,11/26/2011,10197,78.75,S700_2047,24,1890
Enaco Distributors,216,11/26/2011,10197,66.5,S700_2610,50,3325
Enaco Distributors,216,11/26/2011,10197,100.17,S700_3505,27,2704.59
Enaco Distributors,216,11/26/2011,10197,88.39,S700_3962,35,3093.65
Enaco Distributors,216,11/26/2011,10197,39.73,S72_1253,29,1152.17
Enaco Distributors,216,11/26/2011,10197,48.59,S72_3212,42,2040.78
Enaco Distributors,216,11/24/2012,10340,62.46,S24_2000,55,3435.3
Enaco Distributors,216,11/24/2012,10340,63.76,S24_4278,40,2550.4
Enaco Distributors,216,11/24/2012,10340,95.89,S32_1374,55,5273.95
Enaco Distributors,216,11/24/2012,10340,67.41,S32_4289,39,2628.99
Enaco Distributors,216,11/24/2012,10340,37.09,S50_1341,40,1483.6
Enaco Distributors,216,11/24/2012,10340,73.99,S700_1691,30,2219.7
Enaco Distributors,216,11/24/2012,10340,81.77,S700_2466,55,4497.35
Enaco Distributors,216,11/24/2012,10340,98.48,S700_2834,29,2855.92
Enco Outdoor,121,11/5/2012,10325,166.1,S12_3891,24,3986.4
Enco Outdoor,121,11/5/2012,10325,114.74,S18_3140,24,2753.76
Enco Outdoor,121,11/5/2012,10325,114.73,S24_4048,44,5048.12
Enco Outdoor,121,11/5/2012,10325,44.37,S32_2509,38,1686.06
Enco Outdoor,121,11/5/2012,10325,55.3,S32_3207,28,1548.4
Enco Outdoor,121,11/5/2012,10325,99.55,S50_1392,38,3782.9
Enco Outdoor,121,11/5/2012,10325,56.24,S50_1514,44,2474.56
Enco Outdoor,249,8/17/2012,10280,205.73,S10_1949,34,6994.82
Enco Outdoor,249,8/17/2012,10280,98,S18_1097,24,2352
Enco Outdoor,249,8/17/2012,10280,87.33,S18_1342,50,4366.5
Enco Outdoor,249,8/17/2012,10280,47.44,S18_1367,27,1280.88
Enco Outdoor,249,8/17/2012,10280,161.5,S18_1749,26,4199
Enco Outdoor,249,8/17/2012,10280,53.28,S18_2248,25,1332
Enco Outdoor,249,8/17/2012,10280,109.33,S18_2325,37,4045.21
Enco Outdoor,249,8/17/2012,10280,158.63,S18_2795,22,3489.86
Enco Outdoor,249,8/17/2012,10280,82.06,S18_2949,46,3774.76
Enco Outdoor,249,8/17/2012,10280,54.34,S18_2957,43,2336.62
Enco Outdoor,249,8/17/2012,10280,102.63,S18_3136,29,2976.27
Enco Outdoor,249,8/17/2012,10280,99.21,S18_3320,34,3373.14
Enco Outdoor,249,8/17/2012,10280,77.31,S18_4409,35,2705.85
Enco Outdoor,249,8/17/2012,10280,29.87,S24_1937,20,597.4
Enco Outdoor,249,8/17/2012,10280,36.29,S24_2022,45,1633.05
Enco Outdoor,249,8/17/2012,10280,35.29,S24_3969,33,1164.57
Enco Outdoor,249,8/17/2012,10280,79.86,S24_4258,21,1677.06
Enco Outdoor,249,9/9/2012,10293,187.02,S12_1108,46,8602.92
Enco Outdoor,249,9/9/2012,10293,129.93,S12_3148,24,3118.32
Enco Outdoor,249,9/9/2012,10293,171.29,S12_3891,45,7708.05
Enco Outdoor,249,9/9/2012,10293,110.64,S18_3140,24,2655.36
Enco Outdoor,249,9/9/2012,10293,91.76,S18_3259,22,2018.72
Enco Outdoor,249,9/9/2012,10293,72.85,S18_4522,49,3569.65
Enco Outdoor,249,9/9/2012,10293,111.83,S24_2011,21,2348.43
Enco Outdoor,249,9/9/2012,10293,77.95,S700_1938,29,2260.55
Enco Outdoor,249,9/9/2012,10293,51.32,S72_3212,32,1642.24
Euro+ Shopping Channel,141,1/31/2011,10104,131.44,S12_3148,34,4468.96
Euro+ Shopping Channel,141,1/31/2011,10104,111.39,S12_4473,41,4566.99
Euro+ Shopping Channel,141,1/31/2011,10104,135.9,S18_2238,24,3261.6
Euro+ Shopping Channel,141,1/31/2011,10104,122.73,S18_2319,29,3559.17
Euro+ Shopping Channel,141,1/31/2011,10104,165.95,S18_3232,23,3816.85
Euro+ Shopping Channel,141,1/31/2011,10104,119.2,S18_4027,38,4529.6
Euro+ Shopping Channel,141,1/31/2011,10104,52.02,S24_1444,35,1820.7
Euro+ Shopping Channel,141,1/31/2011,10104,30.41,S24_2840,44,1338.04
Euro+ Shopping Channel,141,1/31/2011,10104,106.45,S24_4048,26,2767.7
Euro+ Shopping Channel,141,1/31/2011,10104,51.95,S32_2509,35,1818.25
Euro+ Shopping Channel,141,1/31/2011,10104,56.55,S32_3207,49,2770.95
Euro+ Shopping Channel,141,1/31/2011,10104,114.59,S50_1392,33,3781.47
Euro+ Shopping Channel,141,1/31/2011,10104,53.31,S50_1514,32,1705.92
Euro+ Shopping Channel,141,6/6/2011,10128,120.2,S18_3140,41,4928.2
Euro+ Shopping Channel,141,6/6/2011,10128,80.67,S18_3259,41,3307.47
Euro+ Shopping Channel,141,6/6/2011,10128,77.24,S18_4522,43,3321.32
Euro+ Shopping Channel,141,6/6/2011,10128,72.75,S700_1938,32,2328
Euro+ Shopping Channel,141,6/27/2011,10133,80.26,S18_2581,49,3932.74
Euro+ Shopping Channel,141,6/27/2011,10133,109.42,S24_1785,41,4486.22
Euro+ Shopping Channel,141,6/27/2011,10133,61.58,S24_4278,46,2832.68
Euro+ Shopping Channel,141,6/27/2011,10133,80.91,S32_1374,23,1860.93
Euro+ Shopping Channel,141,6/27/2011,10133,67.41,S32_4289,49,3303.09
Euro+ Shopping Channel,141,6/27/2011,10133,37.09,S50_1341,27,1001.43
Euro+ Shopping Channel,141,6/27/2011,10133,76.73,S700_1691,24,1841.52
Euro+ Shopping Channel,141,6/27/2011,10133,115.09,S700_2834,27,3107.43
Euro+ Shopping Channel,141,9/28/2011,10153,201.57,S12_1108,20,4031.4
Euro+ Shopping Channel,141,9/28/2011,10153,128.42,S12_3148,42,5393.64
Euro+ Shopping Channel,141,9/28/2011,10153,155.72,S12_3891,49,7630.28
Euro+ Shopping Channel,141,9/28/2011,10153,125.66,S18_3140,31,3895.46
Euro+ Shopping Channel,141,9/28/2011,10153,82.69,S18_3259,29,2398.01
Euro+ Shopping Channel,141,9/28/2011,10153,82.5,S18_4522,22,1815
Euro+ Shopping Channel,141,9/28/2011,10153,111.83,S24_2011,40,4473.2
Euro+ Shopping Channel,141,9/28/2011,10153,53.31,S50_1514,31,1652.61
Euro+ Shopping Channel,141,9/28/2011,10153,58,S700_1138,43,2494
Euro+ Shopping Channel,141,9/28/2011,10153,80.55,S700_1938,31,2497.05
Euro+ Shopping Channel,141,9/28/2011,10153,87.15,S700_3505,50,4357.5
Euro+ Shopping Channel,141,9/28/2011,10153,85.41,S700_3962,20,1708.2
Euro+ Shopping Channel,141,9/28/2011,10153,51.87,S72_3212,50,2593.5
Euro+ Shopping Channel,141,10/8/2011,10156,43.64,S50_1341,20,872.8
Euro+ Shopping Channel,141,10/8/2011,10156,77.64,S700_1691,48,3726.72
Euro+ Shopping Channel,141,11/19/2011,10190,58.87,S24_2360,42,2472.54
Euro+ Shopping Channel,141,11/19/2011,10190,38.62,S32_2206,46,1776.52
Euro+ Shopping Channel,141,11/19/2011,10190,89.8,S32_4485,42,3771.6
Euro+ Shopping Channel,141,11/19/2011,10190,67.53,S50_4713,40,2701.2
Euro+ Shopping Channel,141,12/2/2011,10203,161.49,S12_1099,20,3229.8
Euro+ Shopping Channel,141,12/2/2011,10203,111.57,S12_3380,20,2231.4
Euro+ Shopping Channel,141,12/2/2011,10203,63.84,S12_3990,44,2808.96
Euro+ Shopping Channel,141,12/2/2011,10203,115.16,S12_4675,47,5412.52
Euro+ Shopping Channel,141,12/2/2011,10203,73.15,S18_1889,45,3291.75
Euro+ Shopping Channel,141,12/2/2011,10203,157.49,S18_3232,48,7559.52
Euro+ Shopping Channel,141,12/2/2011,10203,66.74,S18_3278,33,2202.42
Euro+ Shopping Channel,141,12/2/2011,10203,127.88,S18_3482,32,4092.16
Euro+ Shopping Channel,141,12/2/2011,10203,33.23,S24_2972,21,697.83
Euro+ Shopping Channel,141,12/2/2011,10203,56.94,S24_3371,34,1935.96
Euro+ Shopping Channel,141,12/2/2011,10203,140.43,S24_3856,47,6600.21
Euro+ Shopping Channel,141,12/3/2011,10205,98.63,S18_1342,36,3550.68
Euro+ Shopping Channel,141,12/3/2011,10205,45.82,S18_1367,48,2199.36
Euro+ Shopping Channel,141,12/3/2011,10205,138.38,S18_2795,40,5535.2
Euro+ Shopping Channel,141,12/3/2011,10205,27.88,S24_1937,32,892.16
Euro+ Shopping Channel,141,12/3/2011,10205,36.74,S24_2022,24,881.76
Euro+ Shopping Channel,141,1/16/2012,10212,99.82,S12_3380,39,3892.98
Euro+ Shopping Channel,141,1/16/2012,10212,110.55,S12_4675,33,3648.15
Euro+ Shopping Channel,141,1/16/2012,10212,117.48,S18_1129,29,3406.92
Euro+ Shopping Channel,141,1/16/2012,10212,105.77,S18_1589,38,4019.26
Euro+ Shopping Channel,141,1/16/2012,10212,64.68,S18_1889,20,1293.6
Euro+ Shopping Channel,141,1/16/2012,10212,133.72,S18_1984,41,5482.52
Euro+ Shopping Channel,141,1/16/2012,10212,117.48,S18_2870,40,4699.2
Euro+ Shopping Channel,141,1/16/2012,10212,155.79,S18_3232,40,6231.6
Euro+ Shopping Channel,141,1/16/2012,10212,115.85,S18_3685,45,5213.25
Euro+ Shopping Channel,141,1/16/2012,10212,61.73,S24_1046,41,2530.93
Euro+ Shopping Channel,141,1/16/2012,10212,43.27,S24_1628,45,1947.15
Euro+ Shopping Channel,141,1/16/2012,10212,81.78,S24_2766,45,3680.1
Euro+ Shopping Channel,141,1/16/2012,10212,37.38,S24_2972,34,1270.92
Euro+ Shopping Channel,141,1/16/2012,10212,77.91,S24_3191,27,2103.57
Euro+ Shopping Channel,141,1/16/2012,10212,100.66,S24_3432,46,4630.36
Euro+ Shopping Channel,141,1/16/2012,10212,117.96,S24_3856,49,5780.04
Euro+ Shopping Channel,141,4/29/2012,10244,99.66,S18_1342,40,3986.4
Euro+ Shopping Channel,141,4/29/2012,10244,48.52,S18_1367,20,970.4
Euro+ Shopping Channel,141,4/29/2012,10244,141.75,S18_2795,43,6095.25
Euro+ Shopping Channel,141,4/29/2012,10244,87.13,S18_2949,30,2613.9
Euro+ Shopping Channel,141,4/29/2012,10244,54.96,S18_2957,24,1319.04
Euro+ Shopping Channel,141,4/29/2012,10244,85.87,S18_3136,29,2490.23
Euro+ Shopping Channel,141,4/29/2012,10244,87.3,S18_3320,36,3142.8
Euro+ Shopping Channel,141,4/29/2012,10244,42.11,S24_2022,39,1642.29
Euro+ Shopping Channel,141,4/29/2012,10244,97.39,S24_4258,40,3895.6
Euro+ Shopping Channel,141,5/5/2012,10246,99.54,S12_4473,46,4578.84
Euro+ Shopping Channel,141,5/5/2012,10246,144.08,S18_2238,40,5763.2
Euro+ Shopping Channel,141,5/5/2012,10246,100.64,S18_2319,22,2214.08
Euro+ Shopping Channel,141,5/5/2012,10246,57.73,S18_2432,30,1731.9
Euro+ Shopping Channel,141,5/5/2012,10246,145.63,S18_3232,36,5242.68
Euro+ Shopping Channel,141,5/5/2012,10246,46.24,S24_1444,44,2034.56
Euro+ Shopping Channel,141,5/5/2012,10246,118.84,S24_2300,29,3446.36
Euro+ Shopping Channel,141,5/5/2012,10246,34.65,S24_2840,49,1697.85
Euro+ Shopping Channel,141,5/5/2012,10246,100.54,S24_4048,46,4624.84
Euro+ Shopping Channel,141,5/5/2012,10246,45.45,S32_2509,35,1590.75
Euro+ Shopping Channel,141,5/5/2012,10246,113.44,S50_1392,22,2495.68
Euro+ Shopping Channel,141,6/24/2012,10262,157.69,S18_1662,49,7726.81
Euro+ Shopping Channel,141,6/24/2012,10262,81.72,S18_3029,32,2615.04
Euro+ Shopping Channel,141,6/24/2012,10262,85.75,S18_3856,34,2915.5
Euro+ Shopping Channel,141,6/24/2012,10262,98.48,S24_1785,34,3348.32
Euro+ Shopping Channel,141,6/24/2012,10262,63.71,S24_2841,24,1529.04
Euro+ Shopping Channel,141,6/24/2012,10262,65.75,S24_3420,46,3024.5
Euro+ Shopping Channel,141,6/24/2012,10262,82.18,S24_3816,49,4026.82
Euro+ Shopping Channel,141,6/24/2012,10262,58.69,S24_3949,48,2817.12
Euro+ Shopping Channel,141,6/24/2012,10262,63.97,S32_4289,40,2558.8
Euro+ Shopping Channel,141,6/24/2012,10262,35.78,S50_1341,49,1753.22
Euro+ Shopping Channel,141,6/24/2012,10262,87.69,S700_1691,40,3507.6
Euro+ Shopping Channel,141,6/24/2012,10262,83.28,S700_2047,44,3664.32
Euro+ Shopping Channel,141,6/24/2012,10262,81.77,S700_2466,33,2698.41
Euro+ Shopping Channel,141,6/24/2012,10262,64.8,S700_3167,27,1749.6
Euro+ Shopping Channel,141,6/24/2012,10262,64.41,S700_4002,35,2254.35
Euro+ Shopping Channel,141,6/24/2012,10262,41.71,S72_1253,21,875.91
Euro+ Shopping Channel,141,8/9/2012,10279,68.42,S18_4933,26,1778.92
Euro+ Shopping Channel,141,8/9/2012,10279,68.35,S24_1046,32,2187.2
Euro+ Shopping Channel,141,8/9/2012,10279,76.33,S24_2766,49,3740.17
Euro+ Shopping Channel,141,8/9/2012,10279,106.87,S24_2887,48,5129.76
Euro+ Shopping Channel,141,8/9/2012,10279,78.76,S24_3191,33,2599.08
Euro+ Shopping Channel,141,8/9/2012,10279,95.3,S24_3432,48,4574.4
Euro+ Shopping Channel,141,10/16/2012,10311,124.44,S18_1589,29,3608.76
Euro+ Shopping Channel,141,10/16/2012,10311,114.84,S18_2870,43,4938.12
Euro+ Shopping Channel,141,10/16/2012,10311,134.22,S18_3685,32,4295.04
Euro+ Shopping Channel,141,10/16/2012,10311,92.03,S18_4409,41,3773.23
Euro+ Shopping Channel,141,10/16/2012,10311,66.99,S18_4933,25,1674.75
Euro+ Shopping Channel,141,10/16/2012,10311,70.55,S24_1046,26,1834.3
Euro+ Shopping Channel,141,10/16/2012,10311,48.8,S24_1628,45,2196
Euro+ Shopping Channel,141,10/16/2012,10311,89.05,S24_2766,28,2493.4
Euro+ Shopping Channel,141,10/16/2012,10311,116.27,S24_2887,43,4999.61
Euro+ Shopping Channel,141,10/16/2012,10311,85.61,S24_3191,25,2140.25
Euro+ Shopping Channel,141,10/16/2012,10311,91.02,S24_3432,46,4186.92
Euro+ Shopping Channel,141,12/2/2012,10350,110.16,S10_4757,26,2864.16
Euro+ Shopping Channel,141,12/2/2012,10350,84.3,S18_3029,43,3624.9
Euro+ Shopping Channel,141,12/2/2012,10350,135.22,S18_3140,44,5949.68
Euro+ Shopping Channel,141,12/2/2012,10350,94.79,S18_3259,41,3886.39
Euro+ Shopping Channel,141,12/2/2012,10350,70.22,S18_4522,30,2106.6
Euro+ Shopping Channel,141,12/2/2012,10350,98.31,S24_2011,34,3342.54
Euro+ Shopping Channel,141,12/2/2012,10350,86.74,S24_3151,30,2602.2
Euro+ Shopping Channel,141,12/2/2012,10350,77.15,S24_3816,25,1928.75
Euro+ Shopping Channel,141,12/2/2012,10350,61.52,S32_3207,27,1661.04
Euro+ Shopping Channel,141,12/2/2012,10350,104.18,S50_1392,31,3229.58
Euro+ Shopping Channel,141,12/2/2012,10350,56.82,S50_1514,44,2500.08
Euro+ Shopping Channel,141,12/2/2012,10350,56,S700_1138,46,2576
Euro+ Shopping Channel,141,12/2/2012,10350,76.22,S700_1938,28,2134.16
Jiangsu Xinri Electric,187,11/17/2012,10332,116.96,S18_2325,35,4093.6
Jiangsu Xinri Electric,187,11/17/2012,10332,138.38,S18_2795,24,3321.12
Jiangsu Xinri Electric,187,11/17/2012,10332,53.09,S18_2957,26,1380.34
Jiangsu Xinri Electric,187,11/17/2012,10332,100.53,S18_3136,40,4021.2
Jiangsu Xinri Electric,187,11/17/2012,10332,92.03,S18_4409,50,4601.5
Jiangsu Xinri Electric,187,11/17/2012,10332,70.56,S18_4933,21,1481.76
Jiangsu Xinri Electric,187,11/17/2012,10332,61.73,S24_1046,23,1419.79
Jiangsu Xinri Electric,187,11/17/2012,10332,47.29,S24_1628,20,945.8
Jiangsu Xinri Electric,187,11/17/2012,10332,29.87,S24_1937,45,1344.15
Jiangsu Xinri Electric,187,11/17/2012,10332,43.01,S24_2022,26,1118.26
Jiangsu Xinri Electric,187,11/17/2012,10332,84.51,S24_2766,39,3295.89
Jiangsu Xinri Electric,187,11/17/2012,10332,108.04,S24_2887,44,4753.76
Jiangsu Xinri Electric,187,11/17/2012,10332,77.91,S24_3191,45,3505.95
Jiangsu Xinri Electric,187,11/17/2012,10332,94.23,S24_3432,31,2921.13
Jiangsu Xinri Electric,187,11/17/2012,10332,34.47,S24_3969,41,1413.27
Jiangsu Xinri Electric,276,9/11/2011,10148,114.65,S18_1129,23,2636.95
Jiangsu Xinri Electric,276,9/11/2011,10148,108.26,S18_1589,47,5088.22
Jiangsu Xinri Electric,276,9/11/2011,10148,136.56,S18_1984,25,3414
Jiangsu Xinri Electric,276,9/11/2011,10148,113.52,S18_2870,27,3065.04
Jiangsu Xinri Electric,276,9/11/2011,10148,143.94,S18_3232,32,4606.08
Jiangsu Xinri Electric,276,9/11/2011,10148,135.63,S18_3685,28,3797.64
Jiangsu Xinri Electric,276,9/11/2011,10148,83.75,S18_4409,34,2847.5
Jiangsu Xinri Electric,276,9/11/2011,10148,66.28,S18_4933,29,1922.12
Jiangsu Xinri Electric,276,9/11/2011,10148,65.41,S24_1046,25,1635.25
Jiangsu Xinri Electric,276,9/11/2011,10148,46.29,S24_1628,47,2175.63
Jiangsu Xinri Electric,276,9/11/2011,10148,77.24,S24_2766,21,1622.04
Jiangsu Xinri Electric,276,9/11/2011,10148,115.09,S24_2887,34,3913.06
Jiangsu Xinri Electric,276,9/11/2011,10148,71.91,S24_3191,31,2229.21
Jiangsu Xinri Electric,276,9/11/2011,10148,96.37,S24_3432,27,2601.99
Jiangsu Xinri Electric,276,11/4/2011,10169,163.44,S12_1099,30,4903.2
Jiangsu Xinri Electric,276,11/4/2011,10169,126.52,S12_2823,35,4428.2
Jiangsu Xinri Electric,276,11/4/2011,10169,71.82,S12_3990,36,2585.52
Jiangsu Xinri Electric,276,11/4/2011,10169,65.13,S18_3278,32,2084.16
Jiangsu Xinri Electric,276,11/4/2011,10169,136.7,S18_3482,36,4921.2
Jiangsu Xinri Electric,276,11/4/2011,10169,52.84,S18_3782,38,2007.92
Jiangsu Xinri Electric,276,11/4/2011,10169,120.53,S18_4721,33,3977.49
Jiangsu Xinri Electric,276,11/4/2011,10169,66.49,S24_2360,38,2526.62
Jiangsu Xinri Electric,276,11/4/2011,10169,53.27,S24_3371,34,1811.18
Jiangsu Xinri Electric,276,11/4/2011,10169,77.61,S24_4620,24,1862.64
Jiangsu Xinri Electric,276,11/4/2011,10169,37.01,S32_2206,26,962.26
Jiangsu Xinri Electric,276,11/4/2011,10169,83.68,S32_4485,34,2845.12
Jiangsu Xinri Electric,276,11/4/2011,10169,75.66,S50_4713,48,3631.68
Jiangsu Xinri Electric,276,1/20/2013,10370,128.53,S10_4962,35,4498.55
Jiangsu Xinri Electric,276,1/20/2013,10370,128.47,S12_1666,49,6295.03
Jiangsu Xinri Electric,276,1/20/2013,10370,100.34,S18_1097,27,2709.18
Jiangsu Xinri Electric,276,1/20/2013,10370,101.87,S18_2319,22,2241.14
Jiangsu Xinri Electric,276,1/20/2013,10370,60.16,S18_2432,22,1323.52
Jiangsu Xinri Electric,276,1/20/2013,10370,167.65,S18_3232,27,4526.55
Jiangsu Xinri Electric,276,1/20/2013,10370,105.34,S18_4600,29,3054.86
Jiangsu Xinri Electric,276,1/20/2013,10370,41.76,S18_4668,20,835.2
Jiangsu Xinri Electric,276,1/20/2013,10370,63.99,S32_3522,25,1599.75
Jiangsu Xinri Electric,276,3/9/2013,10391,195.01,S10_1949,24,4680.24
Jiangsu Xinri Electric,276,3/9/2013,10391,121.15,S10_4962,37,4482.55
Jiangsu Xinri Electric,276,3/9/2013,10391,110.7,S12_1666,39,4317.3
Jiangsu Xinri Electric,276,3/9/2013,10391,114.34,S18_1097,29,3315.86
Jiangsu Xinri Electric,276,3/9/2013,10391,102.74,S18_1342,35,3595.9
Jiangsu Xinri Electric,276,3/9/2013,10391,47.44,S18_1367,42,1992.48
Jiangsu Xinri Electric,276,3/9/2013,10391,57.73,S18_2432,44,2540.12
Jiangsu Xinri Electric,276,3/9/2013,10391,99.28,S18_2949,32,3176.96
Jiangsu Xinri Electric,276,3/9/2013,10391,26.55,S24_1937,33,876.15
Jiangsu Xinri Electric,276,3/9/2013,10391,36.29,S24_2022,24,870.96
La Rochelle Gifts,119,7/23/2012,10275,81.35,S10_1678,45,3660.75
La Rochelle Gifts,119,7/23/2012,10275,115.37,S10_2016,22,2538.14
La Rochelle Gifts,119,7/23/2012,10275,154.93,S10_4698,36,5577.48
La Rochelle Gifts,119,7/23/2012,10275,70.12,S18_2581,35,2454.2
La Rochelle Gifts,119,7/23/2012,10275,52.09,S18_2625,37,1927.33
La Rochelle Gifts,119,7/23/2012,10275,105.94,S24_1578,21,2224.74
La Rochelle Gifts,119,7/23/2012,10275,97.38,S24_1785,25,2434.5
La Rochelle Gifts,119,7/23/2012,10275,61.7,S24_2000,30,1851
La Rochelle Gifts,119,7/23/2012,10275,58,S24_3949,41,2378
La Rochelle Gifts,119,7/23/2012,10275,67.38,S24_4278,27,1819.26
La Rochelle Gifts,119,7/23/2012,10275,89.9,S32_1374,23,2067.7
La Rochelle Gifts,119,7/23/2012,10275,58.47,S32_4289,28,1637.16
La Rochelle Gifts,119,7/23/2012,10275,40.15,S50_1341,38,1525.7
La Rochelle Gifts,119,7/23/2012,10275,85.86,S700_1691,32,2747.52
La Rochelle Gifts,119,7/23/2012,10275,82.77,S700_2466,39,3228.03
La Rochelle Gifts,119,7/23/2012,10275,102.04,S700_2834,48,4897.92
La Rochelle Gifts,119,7/23/2012,10275,72,S700_3167,43,3096
La Rochelle Gifts,119,7/23/2012,10275,59.96,S700_4002,31,1858.76
La Rochelle Gifts,119,10/29/2012,10315,78.12,S18_4522,36,2812.32
La Rochelle Gifts,119,10/29/2012,10315,111.83,S24_2011,35,3914.05
La Rochelle Gifts,119,10/29/2012,10315,78.77,S24_3151,24,1890.48
La Rochelle Gifts,119,10/29/2012,10315,60.67,S700_1138,41,2487.47
Tarjay,166,2/4/2012,10217,132.97,S10_4962,48,6382.56
Tarjay,166,2/4/2012,10217,58.34,S18_2432,35,2041.9
Tarjay,166,2/4/2012,10217,118.66,S18_4600,38,4509.08
Tarjay,166,2/4/2012,10217,103.51,S24_2300,28,2898.28
Tarjay,166,2/4/2012,10217,78.97,S32_1268,21,1658.37
Tarjay,166,2/4/2012,10217,56.24,S32_3522,39,2193.36
Tarjay,166,2/4/2012,10217,90.02,S700_2824,31,2790.62
Tarjay,166,6/15/2012,10259,121.15,S10_4962,26,3149.9
Tarjay,166,6/15/2012,10259,117.32,S12_4473,46,5396.72
Tarjay,166,6/15/2012,10259,134.26,S18_2238,30,4027.8
Tarjay,166,6/15/2012,10259,120.28,S18_2319,34,4089.52
Tarjay,166,6/15/2012,10259,59.55,S18_2432,30,1786.5
Tarjay,166,6/15/2012,10259,152.41,S18_3232,27,4115.07
Tarjay,166,6/15/2012,10259,107.76,S18_4600,41,4418.16
Tarjay,166,6/15/2012,10259,46.82,S24_1444,28,1310.96
Tarjay,166,6/15/2012,10259,121.4,S24_2300,47,5705.8
Tarjay,166,6/15/2012,10259,31.47,S24_2840,31,975.57
Tarjay,166,6/15/2012,10259,95.35,S32_1268,45,4290.75
Tarjay,166,6/15/2012,10259,45.99,S32_2509,40,1839.6
Tarjay,166,6/15/2012,10259,105.33,S50_1392,29,3054.57
Tarjay,166,9/1/2012,10288,120.71,S18_1589,20,2414.2
Tarjay,166,9/1/2012,10288,168.3,S18_1749,32,5385.6
Tarjay,166,9/1/2012,10288,50.25,S18_2248,28,1407
Tarjay,166,9/1/2012,10288,102.98,S18_2325,31,3192.38
Tarjay,166,9/1/2012,10288,90.19,S18_4409,35,3156.65
Tarjay,166,9/1/2012,10288,57.02,S18_4933,23,1311.46
Tarjay,166,9/1/2012,10288,66.88,S24_1046,36,2407.68
Tarjay,166,9/1/2012,10288,49.3,S24_1628,50,2465
Tarjay,166,9/1/2012,10288,32.19,S24_1937,29,933.51
Tarjay,166,9/1/2012,10288,81.78,S24_2766,35,2862.3
Tarjay,166,9/1/2012,10288,109.22,S24_2887,48,5242.56
Tarjay,166,9/1/2012,10288,76.19,S24_3191,34,2590.46
Tarjay,166,9/1/2012,10288,101.73,S24_3432,41,4170.93
Tarjay,166,9/1/2012,10288,37.75,S24_3969,33,1245.75
Tarjay,166,4/23/2013,10409,104.25,S18_2325,6,625.5
Tarjay,166,4/23/2013,10409,27.88,S24_1937,61,1700.68
Tarjay,167,11/12/2011,10181,155.66,S12_1099,27,4202.82
Tarjay,167,11/12/2011,10181,113.92,S12_3380,28,3189.76
Tarjay,167,11/12/2011,10181,67.03,S12_3990,20,1340.6
Tarjay,167,11/12/2011,10181,107.1,S12_4675,36,3855.6
Tarjay,167,11/12/2011,10181,124.56,S18_1129,44,5480.64
Tarjay,167,11/12/2011,10181,124.44,S18_1589,42,5226.48
Tarjay,167,11/12/2011,10181,74.69,S18_1889,22,1643.18
Tarjay,167,11/12/2011,10181,129.45,S18_1984,21,2718.45
Tarjay,167,11/12/2011,10181,130.68,S18_2870,27,3528.36
Tarjay,167,11/12/2011,10181,147.33,S18_3232,45,6629.85
Tarjay,167,11/12/2011,10181,73.17,S18_3278,30,2195.1
Tarjay,167,11/12/2011,10181,120.53,S18_3482,22,2651.66
Tarjay,167,11/12/2011,10181,137.04,S18_3685,39,5344.56
Tarjay,167,11/12/2011,10181,45.28,S24_1628,34,1539.52
Tarjay,167,11/12/2011,10181,32.85,S24_2972,37,1215.45
Tarjay,167,11/12/2011,10181,54.49,S24_3371,23,1253.27
Tarjay,167,11/12/2011,10181,122.17,S24_3856,25,3054.25
Tarjay,167,11/18/2011,10188,95.7,S10_1678,48,4593.6
Tarjay,167,11/18/2011,10188,111.8,S10_2016,38,4248.4
Tarjay,167,11/18/2011,10188,182.04,S10_4698,45,8191.8
Tarjay,167,11/18/2011,10188,52.09,S18_2625,32,1666.88
Tarjay,167,11/18/2011,10188,95.8,S24_1578,25,2395
Tarjay,167,11/18/2011,10188,61.7,S24_2000,40,2468
Tarjay,167,11/18/2011,10188,81.91,S32_1374,44,3604.04
Tarjay,167,11/18/2011,10188,96.11,S700_2834,29,2787.19
Tarjay,167,9/3/2012,10289,92.47,S18_1342,38,3513.86
Tarjay,167,9/3/2012,10289,44.75,S18_1367,24,1074
Tarjay,167,9/3/2012,10289,141.75,S18_2795,43,6095.25
Tarjay,167,9/3/2012,10289,41.22,S24_2022,45,1854.9
